Genotype,ProtDBAll,OilDBAll,ProtDBCLA2017,OilDBCLA2017,ProtDBOH2017,OilDBOH2017,ProtDBCLA2018,OilDBCLA2018,ProtDBOH2018,OilDBOH2018
033-001,44.5937,20.3088,43.56,20.715,44.19,18.99,44.49,20.885,46.135,20.645
033-002,47.3454,18.1071,46.44,19.005,48.2338,17.2243,47.765,19.26,47.49,16.96
033-003,43.7975,19.7739,43.58,19.3,44.68,18.405,43.3838,21.9705,43.22,19.935
033-006,45.035,17.9938,47.415,17.34,42.95,17.39,45.53,19.74,44.245,17.505
033-007,47.4837,18.2419,47.73,18.8,46.1,17.46,48.66,18.68,,
033-008,46.823,19.569,46.5,20.02,45.87,18.945,46.72,19.82,48.8105,19.56
033-009,44.8575,20.7388,43.215,22.17,45.585,18.455,44.92,22.325,45.71,20.005
033-010,46.5262,19.4613,47.655,19.43,44.8,19.26,46.685,19.805,46.965,19.35
033-011,44.1512,20.5563,41.62,21.445,44.27,19.335,46.04,21.015,44.675,20.43
033-012,44.7612,20.49,44.96,21.02,44.315,19.58,45.78,20.65,43.99,20.71
033-013,44.8075,20.685,44.735,20.645,42.2,20.205,47,21.135,45.295,20.755
033-014,46.3162,19.1088,45.835,19.225,44.7,18.645,47.82,19.705,46.91,18.86
033-015,45.5287,19.185,42.75,20.71,45.545,17.615,46.415,19.63,47.405,18.785
033-016,47.6647,17.7498,48.2516,18.1195,46.59,17.505,47.88,18.62,48.23,16.835
033-017,48.9027,18.0949,49.065,18.14,48.365,17.57,49.045,19.04,49.0805,17.49
033-018,45.9175,18.915,45.1,19.125,46.82,17.88,46.03,19.63,45.72,19.025
033-019,49.1837,18.0513,49.33,17.675,46.1,18.05,50.545,19.085,50.76,17.395
033-020,46.7675,19.3863,45.81,20.325,47.445,18.14,47.835,20.07,45.98,19.01
033-021,45.9175,18.4713,44.445,19.31,47.7,17.34,45.58,19.27,45.945,17.965
033-022,47.8562,19.805,47.105,19.17,47.92,18.485,47.515,22.285,48.885,19.28
033-024,44.4762,19.275,45.755,19.345,41.67,19.2,45.435,19.895,45.045,18.66
033-025,45.33,19.2163,45.34,19.955,46.63,18.17,44.025,20.2,45.325,18.54
033-026,42.95,20.7813,43.495,20.905,41.375,20.3,42.3,21.28,44.63,20.64
033-028,44.87,18.66,46.085,18.045,43.235,18.18,45.005,20.45,45.155,17.965
033-029,43.3918,20.0943,42.375,20.295,42.2,19.375,44.15,21.28,45.48,19.18
033-030,43.83,20.9788,41.905,21.575,43.61,19.39,44.98,21.09,44.825,21.86
033-033,43.3737,20.3938,43.205,20.33,41.16,20.235,46.745,20.435,42.385,20.575
033-034,44.1087,20.3275,42.98,20.985,44.025,19.935,44.795,20.875,44.635,19.515
033-035,44.9587,18.1613,45.855,18.245,41.845,17.435,46.085,19.35,46.05,17.615
033-036,45.9587,19.0025,46.66,18.585,45.75,18.46,45.495,19.98,45.93,18.985
033-037,47.9925,17.91,49.58,17.685,47.505,17.73,47.895,18.155,46.99,18.07
033-039,44.2188,20.3691,42.835,20.105,43.735,19.185,45.3538,21.9805,45.27,20.51
033-040,43.2887,19.8863,41.605,19.785,42.685,19.005,45.9938,21.3805,43.76,19.63
033-041,45.6549,20.2602,46.06,20.56,46.13,18.715,44.945,21.1,45.0705,21.06
033-044,47.3463,19.3826,46.22,19.89,47,18.315,50.1262,19.4695,46.81,19.495
033-045,44.7326,19.7718,43.32,20.545,43.81,18.615,45.1638,20.8105,46.715,19.17
033-047,45.01,19.185,46.41,19.595,45.205,17.98,44.435,19.98,43.99,19.185
033-049,43.5737,19.22,44,19.375,43.46,18.305,43.595,20.035,43.24,19.165
033-050,45.0575,18.3925,47.315,18.2,42.765,18.055,45.745,19.325,44.405,17.99
033-051,43.7093,19.8857,45.655,20.815,42.295,17.8,43.225,21.46,,
033-052,42.9225,20.4163,43.615,20.48,41.59,19.67,43.115,21.135,43.37,20.38
033-054,42.94,20.0075,42.97,19.905,40.74,19.355,44.055,20.96,43.995,19.81
033-055,46.3025,18.6025,47.765,18.73,43.875,18.23,47.545,19.375,46.025,18.075
033-056,45.2056,19.4897,43.505,19.95,44.585,18.585,44.8962,19.7795,47.595,19.355
033-058,46.6537,19.0338,46.04,19.955,47.15,17.15,45.34,20.335,48.085,18.695
033-059,49.4887,16.49,48.31,16.55,47.595,16.005,50.315,16.97,51.735,16.435
033-060,42.0662,20.0788,39.64,21.17,42.555,18.56,44.07,20.745,42,19.84
033-063,46.593,18.4642,45.535,19.7,44.845,17.305,47.345,19.55,49.8795,16.83
033-064,45.2775,18.365,46.66,17.935,43.385,17.345,46.03,19.975,45.035,18.205
033-067,46.5437,18.785,46.16,18.05,44.195,18.31,48.425,19.735,47.395,19.045
033-068,43.9175,20.4513,44.51,20.27,44.46,19.435,42.545,21.605,44.155,20.495
033-069,46.4079,19.0133,45.41,19.505,41.8726,18.4349,48.5938,20.3005,48.91,18.085
033-070,43.9762,19.1538,43.465,19.785,41.265,19.675,48.175,17.425,43,19.73
033-072,45.705,18.8863,47.35,18.39,44.93,18.285,46.425,19.335,44.115,19.535
033-074,46.3037,19.0025,45.84,19.435,46.64,17.75,47.5,20.05,45.235,18.775
033-075,43.9553,19.4266,44.0484,19.6805,42.505,18.835,42.7662,20.7595,45.91,18.545
033-076,48.0587,17.7588,49.07,17.055,45.72,17.57,50.06,18.565,47.385,17.845
033-078,45.9775,18.1875,46.17,19.255,45.115,17.37,47.11,19.4,45.515,16.725
033-079,46.015,18.9188,46.49,19.07,45.125,18.595,46.285,19.28,46.16,18.73
033-081,44.7437,18.9,45.08,19.165,42.855,18.675,45.825,19.83,45.215,17.93
033-082,43.7887,21.1713,43.44,21.265,42.91,20.1,43.36,22,45.445,21.32
033-084,42.8007,18.8996,42.135,19.425,43.01,17.53,42.86,20.05,,
033-086,44.1787,19.535,44.075,19.61,43.255,18.87,44.65,20.45,44.735,19.21
033-088,47.0412,18.6388,46.765,18.38,45.855,17.61,48.445,19.71,47.1,18.855
033-089,45.51,19.29,43.885,20.195,45.59,17.76,45.64,20.76,46.925,18.445
033-090,44.1616,20.5871,43.605,20.59,44.815,18.355,45.8238,22.8205,42.825,21.085
033-091,46.77,18.7625,46.61,18.88,45.185,19.16,46.025,19.245,49.26,17.765
033-092,43.8421,19.2792,41.98,19.325,43.3874,18.6551,44.4238,21.5605,45.695,18.215
033-094,45.7662,19.9713,46.59,19.415,43.62,19.33,48.575,20.93,44.28,20.21
033-097,48.9987,17.605,49.265,17.165,50.09,16.38,47.685,17.96,48.955,18.915
033-098,44.945,20.0263,44.06,20.33,44.675,19.02,46.145,20.56,44.9,20.195
033-099,45.8322,19.307,45.1,19.73,45.5038,17.9843,47.6038,21.0305,45.75,18.63
033-100,45.3625,19.7359,43.02,19.675,45.785,18.755,46.5838,21.6505,46.5,19.26
033-101,43.68,20.3475,45.505,20.13,42.075,20.35,46.11,20.125,41.03,20.785
033-102,46.5487,18.62,46.225,19.185,47,17.965,45.305,19.415,47.665,17.915
033-103,45.8075,19.8353,44.785,20.615,46.475,18.99,45.64,20.125,,
033-104,48.6612,17.8988,50.79,17.72,46.23,17.915,50.57,18.37,47.055,17.59
033-105,44.3337,19.7975,44.7,19.98,42.77,19.02,45.56,20.45,44.305,19.74
033-106,48.7287,17.5688,47.64,18.01,48.575,16.86,50.115,17.69,48.585,17.715
033-107,46.695,19.685,46.125,19.78,47.125,19.395,45.465,20.375,48.065,19.19
033-108,46.5512,19.1247,46.555,19.24,46.51,18.045,46.26,20.35,,
033-109,46.1825,18.4938,46.94,18.435,45.24,18.18,46.92,18.675,45.63,18.685
033-111,44.3312,19.1413,44.605,19.535,42,18.47,45.395,19.85,45.325,18.71
033-112,49.0148,17.2505,45.185,17.47,51.3,15.395,50.5838,19.7705,49.69,16.955
033-113,43.1787,18.8113,43.82,19.36,42.79,18.125,42.76,19.405,43.345,18.355
033-114,44.11,19.08,42.935,19.85,44.265,18.74,43.69,19.79,45.55,17.94
033-115,46.355,17.8838,45.445,18.395,46.11,17.275,45.83,19.215,48.035,16.65
033-116,44.4864,19.4901,44.4616,20.6295,45.85,17.625,43.595,20.81,44.225,19.215
033-117,45.175,19.6838,44.64,20.525,45.285,18.79,44.46,20.825,46.315,18.595
033-118,39.1512,19.8613,39.355,20.07,37.355,18.055,39.87,20.99,40.025,20.33
033-119,41.125,20.1463,41.055,20.655,40.425,18.905,41.435,20.9,41.585,20.125
033-120,44.0959,20.0484,44.955,19.265,42.97,19.01,45.785,21.265,41.8305,21.11
033-121,44.7175,19.25,46.165,18.9,42.99,18.295,45.585,20.74,44.13,19.065
033-122,43.2012,21.4913,41.825,21.79,42.58,20.975,43.195,21.86,45.205,21.34
033-124,44.6525,18.5813,46.705,18.38,43.05,17.84,45.715,19.725,43.14,18.38
033-125,47.255,18.8763,47.37,18.19,47.44,19.175,48.9,18.54,45.31,19.6
033-126,51.0572,17.0207,52.565,16.655,49.56,17.405,53.1862,17.1395,49.215,16.58
033-127,41.3066,20.667,41.19,20.4,39.815,20.03,43.6538,22.1705,41.185,20.335
033-129,43.7875,19.7675,44.555,19.385,41.98,19.275,44.52,20.715,44.095,19.695
033-130,47.562,19.211,48.37,18.785,45.355,18.635,49.225,20.395,,
033-131,41.78,21.0125,41.68,21.205,41.725,19.92,42.17,21.785,41.545,21.14
033-132,49.252,18.3391,50.695,17.955,46.7,17.935,49.7862,19.2795,49.58,18.165
033-133,43.4733,19.5775,41.97,20.325,44.335,17.355,44.1038,21.3805,43.64,19.565
033-134,43.8668,19.2726,42.955,19.58,44.33,17.765,44.0538,21.0205,44.075,19.045
033-136,46.7337,18.135,47.26,18.38,47.45,17.19,46.34,19.08,45.885,17.89
033-137,44.6912,20.7188,45.915,20.305,43.27,20.525,44.15,22.085,45.43,19.96
033-138,44.985,19.615,46.08,19.84,44.005,18.89,45.57,20.44,44.285,19.29
033-139,48.4227,17.4357,50.6716,16.8795,45.925,17.41,49.545,17.98,48.33,17.255
033-140,48.3987,17.1188,47.315,17.475,48.435,16.48,49.26,17.88,48.585,16.64
033-141,49.2616,17.2837,49.86,16.91,48.995,16.895,50.615,17.59,48.0528,17.5875
033-142,48.32,18.0525,49.705,17.48,46.63,18.1,49.11,18.645,47.835,17.985
033-143,42.0662,21.2763,41.665,21.13,41.12,20.67,43.26,23.245,42.22,20.06
033-145,40.5515,18.3562,46.6616,17.4995,,,47.1662,18.4895,39.9195,21.29
033-147,46.7372,19.5673,48.52,18.955,45.3,18.76,46.445,21.205,,
033-148,42.5637,21.4025,42.71,21.28,41.72,20.05,43.485,23.29,42.34,20.99
033-149,45.07,19.7675,46.375,19.695,45.07,18.96,44.595,20.345,44.24,20.07
033-150,51.1437,17.8538,51.35,17.26,48.42,17.8,52.365,19.28,52.44,17.075
033-152,43.8825,19.8413,43.39,19.94,42.5,18.705,44.47,20.615,45.17,20.105
033-153,46.1162,19.3688,45.82,19.265,45.125,18.69,46.355,20.855,47.165,18.665
033-154,45.6642,18.7841,47.27,19.02,44.81,17.9,45.9862,19.9395,44.255,18.295
033-155,43.7571,18.8114,45.775,18.59,41.135,18.505,44.9738,19.4505,43.17,18.67
033-156,44.6613,19.6449,44.59,19.965,43.97,18.19,45.7938,21.4705,44.485,19.3
033-157,49.0012,18.6938,49.25,18.82,48.75,18.51,48.535,19.425,49.47,18.02
033-158,41.7488,21.429,41.74,21.51,41.365,19.93,43.4338,23.7105,40.835,21.08
033-159,47.5287,18.3125,47.925,18.15,45.02,17.905,48.56,19.175,48.61,18.02
033-160,44.475,19.8875,46.205,19.565,42.12,19.69,45.01,20.67,44.565,19.625
033-161,48.2075,18.4663,48.17,18.865,47.9,17.885,47.73,18.915,49.03,18.2
033-162,41.9049,21.6556,41.495,21.9,41.535,20.28,43.5838,23.2705,41.42,21.45
033-163,42.3754,21.4406,42.415,21.41,41.705,20.405,44.0838,22.4705,41.68,21.57
033-164,41.8973,21.5119,41.765,21.67,41.45,20.28,43.2038,22.7905,41.43,21.475
033-166,42.0454,21.7065,42.035,21.56,41.215,20.8,44.3338,23.0005,41.185,21.655
033-167,42.3262,21.48,42.02,21.675,41.885,20.46,41.945,22.265,43.455,21.52
033-168,45.0312,18.3625,45.745,18.36,43.565,17.695,46.765,18.915,44.05,18.48
033-169,42.0926,21.5691,41.245,21.74,42.215,20.215,43.9238,22.9405,41.495,21.58
033-170,43.86,20.5163,44.365,20.01,42.175,19.695,44.645,21.67,44.255,20.69
033-171,42.2805,21.7141,42.075,22.1,41.225,20.245,43.7038,23.5005,42.425,21.34
033-173,45.0962,17.9788,44.47,17.815,42.835,16.99,46.92,18.86,46.16,18.25
033-174,46.337,19.0193,47.275,18.96,45.3,18.54,46.38,19.725,,
033-175,42.1042,20.2023,40.355,20.43,41.41,18.175,44.2938,22.9805,43.075,19.9
033-176,48.0361,18.102,46.74,18.785,47.06,17.44,50.1538,19.3005,48.84,16.995
033-178,45.1625,19.3625,46.11,18.965,44.04,18.675,46.455,20.465,44.045,19.345
033-179,45.2462,18.5538,46,18.375,43.81,18.47,46.44,19.33,44.735,18.04
033-180,41.126,20.5641,39.565,21.93,39.755,19.5,42.9838,21.3605,42.785,19.405
033-183,43.8072,19.6134,42.725,19.99,43.07,17.915,45.0438,21.8605,44.715,19.175
033-185,46.0036,18.2671,44.71,18.225,45.2,17.79,47.0638,19.7905,47.325,17.525
033-186,44.0088,20.9492,44.145,21.26,45.03,19.73,43.0538,21.3605,43.26,21.31
033-187,46.2974,18.8976,45.65,19.025,46.125,18.965,47.4038,19.0205,46.25,18.355
033-188,45.4012,19.32,47.445,18.345,43.865,17.97,46.51,21.095,43.785,19.87
033-190,46.1108,18.395,45.02,18.37,47.33,17.34,46.7238,20.3705,45.48,17.915
033-196,46.575,18.31,47.605,18.28,46.16,17.78,47.445,18.88,45.09,18.3
033-197,45.7487,19.5938,46.035,20.005,44.695,18.735,46.94,20.445,45.325,19.19
033-199,45.7216,18.5321,44.7,18.415,45.235,18.18,47.6038,19.3405,45.89,18.215
033-200,44.0837,20.3751,44.885,20.775,42.71,19.085,45.3538,21.1405,43.545,20.48
033-201,45.205,20.0663,46.055,19.92,45.43,19.35,45.665,20.42,43.67,20.575
033-207,44.6375,19.1138,44.275,19.145,44.03,19.16,44.53,20.075,45.715,18.075
033-208,48.4125,19.2,49.78,18.725,48.235,19.195,49.02,19.685,46.615,19.195
033-209,41.8348,21.7766,41.21,21.69,42.3,19.955,42.6738,23.6205,41.3,22.215
033-210,42.2237,20.0188,42.58,20,41.095,19.045,42.74,20.875,42.48,20.155
033-213,44.585,19.405,46.08,18.97,44.13,19.05,44.46,19.97,43.67,19.63
033-219,49.5663,17.8811,50.425,17.88,47.395,17.845,51.7162,17.9795,49.095,17.49
033-222,44.4187,19.4575,43.235,19.765,44.21,19.03,44.3,20.635,45.93,18.4
033-223,45.7763,17.7931,46.325,17.88,45.455,16.735,46.9038,19.2805,44.555,17.52
033-226,48.176,18.5319,45.95,18.665,48.755,17.57,49.2438,20.4805,49.13,17.81
033-227,44.6937,19.8675,45.295,18.895,46.52,18.03,45.62,20.115,41.34,22.43
033-231,46.4107,19.1647,46.935,19.445,45.26,17.385,47.3938,20.1505,46.14,19.74
033-233,42.2894,20.3641,40.55,20.455,41.875,19.445,42.1038,22.2805,44.525,19.665
033-237,49.0536,18.2108,47.56,17.975,46.02,18.66,50.7838,19.6605,52.385,16.795
033-241,40.9001,20.9151,41.17,20.68,39.345,19.36,41.8638,23.0905,41.325,21.025
033-242,46.1687,18.4763,46.025,18.795,45.945,18.425,46.255,18.55,46.45,18.135
033-245,48.8841,16.9815,47.21,17.1,49.43,15.89,48.3138,18.3605,50.34,16.78
033-246,46.1989,18.5441,47.275,17.675,43.0326,18.0749,48.0138,20.3405,46.03,18.59
033-248,43.0275,20.28,43.51,20.025,42.03,19.655,45.2,20.38,41.37,21.06
033-251,47.1487,17.6325,48.825,17.56,45.03,17.165,46.595,18.445,48.145,17.36
033-253,42.2633,21.5016,42.135,21.43,41.3876,20.6099,42.8238,23.5505,42.735,20.85
033-257,46.8387,17.4988,46.695,17.515,44.355,16.97,48.805,18.585,47.5,16.925
HS7-4314,44.0585,20.632,47.0179,21.4368,43.6642,19.1916,47.0179,21.5235,43.48,20.425
PI205085,48.7422,16.7457,48.35,17.01275,48.1909,15.6183,48.35,17.395,47.3905,15.83
