"Genotype","34-001","34-002","34-003","34-004","34-006","34-007","34-008","34-012","34-013","34-014","34-017","34-018","34-020","34-021","34-023","34-024","34-025","34-026","34-028","34-030","34-037","34-038","34-040","34-041","34-042","34-045","34-046","34-051","34-052","34-056","34-057","34-058","34-059","34-060","34-061","34-063","34-064","34-065","34-066","34-067","34-069","34-071","34-073","34-074","34-075","34-077","34-079","34-080","34-081","34-083","34-084","34-086","34-089","34-090","34-091","34-092","34-093","34-094","34-095","34-096","34-097","34-099","34-105","34-108","34-109","34-110","34-111","34-113","34-114","34-115","34-116","34-117","34-118","34-120","34-121","34-122","34-123","34-124","34-125","34-127","34-130","34-131","34-133","34-134","34-135","34-137","34-138","34-139","34-140","34-142","34-144","34-145","34-146","34-153","34-154","34-157","34-158","34-159","34-163","34-165","34-166","34-167","34-168","34-170","34-171","34-172","34-174","34-178","34-179","34-180","HS7_4314","PI_253666A"
"ProtDBAll","47.2621","45.4984","45.8324","46.9396","46.4084","46.4446","44.5646","44.5259","45.4384","45.5434","47.6321","44.5334","47.4284","44.2809","45.9234","45.2621","45.2309","45.9271","47.0721","43.3809","47.2409","45.9784","47.4190","46.3759","46.4184","44.9701","46.2596","45.5684","44.8284","43.9571","45.0984","45.8959","47.5418","44.5996","46.4409","44.3609","45.6159","45.7009","43.7859","44.3346","45.2944","46.4084","44.9890","46.4731","46.5009","43.9521","45.9534","45.7284","45.4372","45.8396","44.7209","48.3715","44.6021","44.5609","43.2396","46.5796","44.8084","46.8584","44.9146","47.2346","45.2184","44.0521","42.9309","43.5809","43.9596","43.1859","46.2434","43.4484","45.7909","47.2046","44.0121","46.9071","46.7375","42.9934","46.2103","46.8434","48.0290","44.5509","45.5184","43.4846","43.2046","45.5183","47.4559","46.1259","45.9465","46.8258","43.7909","45.9446","46.1123","46.0384","46.2680","45.2173","46.3309","44.9171","45.7346","48.5144","46.0296","43.4221","45.1296","44.8546","45.2796","44.2996","45.2496","44.7484","45.2321","46.0984","45.3409","44.0290","44.0234","43.6446","42.2587","47.7384"
"OilDBAll","19.4500","21.0937","19.9106","20.0575","19.8137","19.7125","20.9075","21.0337","21.4050","20.7562","20.2125","21.7175","18.7537","20.7512","20.5812","20.6025","21.1562","20.5175","20.6612","20.7337","19.6812","20.8100","19.3457","20.0575","20.3575","20.5065","20.5712","19.9100","19.7512","20.3750","19.6787","20.4175","18.6775","20.4900","20.4675","21.3187","20.3050","20.1600","20.8250","21.1075","19.9801","20.4175","20.5757","20.7723","18.9712","20.7575","20.1575","20.0900","20.7464","20.4250","20.9625","18.6732","21.0750","20.8775","21.6900","19.4462","20.6912","19.5537","21.6600","20.5500","20.8112","21.6662","22.1487","21.3225","20.7612","21.3375","20.2000","21.6750","19.7000","19.4437","21.4150","19.8287","19.4237","20.7337","20.1843","19.7737","18.6849","20.7900","20.6575","20.3575","21.3750","20.2570","19.5012","20.4562","20.8781","20.9804","21.0600","19.9562","20.2125","20.7775","19.3205","20.9462","20.7400","21.2412","21.1362","18.6033","20.2600","20.7425","20.2512","21.2937","21.9212","21.1137","19.3775","21.1500","20.3550","20.2437","19.8887","20.9882","20.2562","21.6962","21.6988","18.4793"
"ProtDBCLA2018","49.1214","46.8014","46.7064","50.0664","44.0364","49.5214","48.3614","45.0564","48.2814","47.4764","47.1064","46.1814","48.9614","41.7914","47.1564","46.7914","45.4014","47.4914","49.6914","45.3614","48.8614","45.7314","47.9514","47.7914","45.9364","46.5064","46.7264","43.9014","44.1964","45.4914","46.3414","48.7364","48.6414","44.9764","47.9864","43.7164","46.0364","46.6514","43.4464","45.3164","44.8214","46.1764","46.0764","48.6264","50.6864","45.5664","48.6664","45.5714","47.5764","46.0264","46.5914","49.5464","46.4614","46.4664","46.5364","47.1514","47.3014","49.2464","45.8914","51.2164","47.4514","43.9364","43.8414","42.8814","43.1764","43.9514","45.7714","44.1814","45.3814","48.1214","43.4014","49.6764","49.8314","43.3214","48.3314","49.7014","45.7514","43.6264","48.4364","43.0764","45.7414","46.9864","49.4714","48.4014","43.1914","49.2364","45.4514","46.3864","49.2714","44.9614","46.4664","45.4814","52.2464","45.9964","47.6314","47.2314","47.5264","44.1364","46.7114","47.2614","48.9564","46.2264","46.1764","45.8114","46.0514","46.4314","44.9114","45.5264","46.0464","45.4514","43.2733","48.7500"
"OilDBCLA2018","20.0250","21.1000","20.4700","20.3950","21.3700","20.1850","21.6800","21.2000","22.1950","22.2600","21.7500","23.3250","18.7550","21.9650","20.8150","20.9700","23.5450","21.4050","21.7750","20.6650","20.4950","21.7450","20.2600","20.5500","22.8800","21.7000","21.6900","21.4400","21.2150","21.2750","19.4550","21.0550","19.0650","21.3450","21.4150","22.7450","21.8900","21.3600","21.5250","22.9200","20.8700","21.8650","21.3900","21.5300","18.2450","20.7200","20.5150","21.7800","21.8950","20.6150","21.6050","19.3450","21.3500","21.4200","22.1100","20.6450","21.1850","21.0600","23.5950","20.0700","20.0100","23.5900","23.3150","21.9900","22.0750","21.3250","21.6800","23.6900","20.5850","19.3400","23.2850","19.8100","19.7450","20.8350","20.3450","20.6350","20.0900","22.5050","21.3000","21.2650","21.7700","21.2800","20.2900","22.0750","21.9100","21.9900","22.0500","20.7400","20.8700","21.8650","20.5100","21.9850","20.4400","21.5450","21.6200","19.2100","20.8300","21.4400","20.3350","22.6700","22.4950","20.9350","20.0550","22.4150","21.1950","21.1400","20.8550","21.3200","20.8450","22.7150","22.9000","18.4633"
"ProtDBOH2018","47.494999999999997","44.085000000000001","44.95","45.884999999999998","46.75","43.515000000000001","42.784999999999997","43.93","42.844999999999999","46.05","47.524999999999999","43.86","45.08","47.36","45.674999999999997","44.604999999999997","45.78","46.265000000000001","45.024999999999999","40.159999999999997","46.97","49.33",".","45.655000000000001","47.93","46.055","48.28","46.73","44.01","43.05","44.695","44.54","47.59","43.71","46.28","45.884999999999998","44.1","44.25","45.38","44.42","44.97","45.174999999999997",".","44.67","42.145000000000003","41.48","45.424999999999997","45.115000000000002","44.1","45.234999999999999","43.68",".","43.524999999999999","43.55","42.625","46.16","43.734999999999999","44.284999999999997","45.594999999999999","44.75","45.005000000000003","44.17","41.664999999999999","42.685000000000002","47.5","42.905000000000001","46.325000000000003","43.71","45.715000000000003","44.88","45.284999999999997","44.805","46.04","42.545000000000002","45","45.115000000000002","47.17","46.66","43.365000000000002","42.65","40.21","45.024999999999999","44.134999999999998","47.204999999999998","48.29",".","43.08","44.174999999999997","44.63","45.174999999999997","44.86","47.155000000000001","43.53","44.784999999999997","45.46","48.49","46.76","43.04","43.765000000000001","42.634999999999998","44.33","42.884999999999998","44.88","43.77","44.594999999999999","44.85","44.494999999999997",".","42.6","43.99","42.564999999999998","46.375"
"OilDBOH2018","19.434999999999999","21.57","19.975000000000001","20.34","19.420000000000002","20.170000000000002","20.395","21.585000000000001","21.72","19.004999999999999","19.54","21.24","19.18","19.295000000000002","20.414999999999999","20.815000000000001","19.324999999999999","19.77","20.23","21.92","19.524999999999999","19.73",".","19.8","19.625","19.914999999999999","20.03","18.844999999999999","19.239999999999998","20.004999999999999","20.58","20.285","18.059999999999999","20.21","19.73","20.405000000000001","18.785","19.454999999999998","20.48","20.22","19.2607","20.774999999999999",".","20.6493","21.26","21.805","20.440000000000001","19.41","21.499300000000002","21.27","20.89",".","22.305","20.48","22.015000000000001","18.504999999999999","21.37","19.065000000000001","20.309999999999999","21.43","21.64","21.125","22.175000000000001","21.074999999999999","19.14","22.274999999999999","19.864999999999998","20.22","19.215","20.75","20.125","20.565000000000001","19.329999999999998","20.84","20.860700000000001","19.149999999999999","18.1707","19.61","20.74","20.23","21.94","20.16","19.315000000000001","20.065000000000001","20.5793",".","20.100000000000001","19.855","21.13","21.27","18.7593","20.395","21.765000000000001","20.684999999999999","21.065000000000001","18.540700000000001","19.850000000000001","20.395","21.01","21.87","21.95","21.754999999999999","18.405000000000001","21.25","19.585000000000001","19.155000000000001","19.399999999999999",".","20.215","20.96","21.195","18.664999999999999"
"ProtDBCLA2019","47.3534","48.5334","48.1734","47.5134","46.0884","48.0334","45.3884","45.0784","49.1134","45.6084","48.1984","46.2684","52.4234","42.2534","45.4984","45.9034","44.1934","44.9934","48.4334","47.2884","47.0734","45.2734","48.7934","46.1734","44.5434","44.4097","46.8884","45.4834","46.3034","44.6934","46.2384","46.1334","49.5320","43.8834","45.8084","44.0184","47.4584","46.0684","41.3784","43.8434","45.3834","47.3034","45.8084","48.3884","51.2284","47.4284","46.0184","44.9534","47.9084","47.0784","46.3084","49.1034","45.6884","45.3334","42.6734","45.9584","46.2084","49.2134","46.3134","51.5184","47.0734","43.4784","44.6934","45.2334","41.9134","45.0534","47.0434","44.8534","47.1584","51.9234","45.6084","47.8184","48.3997","45.0334","50.4434","46.3234","49.4334","43.1984","45.1234","45.1184","46.4984","48.1912","49.5784","46.5134","46.6434","45.2284","43.1434","47.2634","47.7284","46.7534","48.0234","44.8588","48.9084","44.2384","45.6184","50.0084","44.9584","41.5384","44.9334","45.6284","44.9834","43.9534","43.5184","44.4734","45.2784","46.7984","45.8434","44.4384","44.2584","42.6784","42.2523","51.0075"
"OilDBCLA2019","18.8600","20.1550","19.1600","19.0300","19.5400","19.0050","20.1450","20.5200","19.9650","20.8650","19.8950","21.0350","17.2750","21.6300","20.1500","20.7800","21.4700","21.2150","20.0300","18.7300","18.9350","20.4900","18.8250","19.0150","20.3400","19.8900","19.9450","19.8800","20.1000","20.3300","18.7300","19.4150","17.8700","20.0200","20.0350","21.6950","21.0950","20.4900","21.1550","21.3350","20.1700","20.0800","20.1550","19.8550","16.4200","19.1800","19.3250","20.4950","19.8000","19.1650","20.8450","18.3950","20.2150","20.8900","20.9700","20.3250","20.3850","19.2050","22.0250","19.2100","19.4250","21.7650","21.4550","20.8800","22.0300","19.6150","19.2200","22.0700","19.3100","17.3300","21.3650","18.9900","18.2500","20.1850","18.2250","20.4500","18.4950","21.2900","19.9050","19.8600","20.4350","19.1667","19.6900","19.6600","20.5400","20.8000","21.7500","19.8200","18.7250","20.6550","19.0100","20.4900","18.8350","21.1200","20.6500","17.9700","20.4600","21.1200","20.2200","20.5050","21.8550","20.6700","20.0550","21.9850","20.5350","20.3350","20.1700","21.0500","20.3600","22.0550","21.5733","17.5575"
"ProtDBOH2019","45.094999999999999","42.59","43.270699999999998","44.31","48.774999999999999","44.725000000000001","41.74","44.055","41.53","43.055","47.715000000000003","41.84","43.265000000000001","45.734999999999999","45.38","43.765000000000001","45.564999999999998","44.975000000000001","45.155000000000001","40.729999999999997","46.075000000000003","43.594999999999999",".","45.9","47.28","41.939300000000003","43.16","46.174999999999997","44.82","42.61","43.134999999999998","44.19","44.465000000000003","45.844999999999999","45.704999999999998","43.84","44.884999999999998","45.85","44.954999999999998","43.774999999999999","45.83","46.994999999999997",".","44.16","41.96","41.35","43.72","47.29","42.314999999999998","45.034999999999997","42.32",".","42.75","42.91","41.14","47.064999999999998","42.005000000000003","44.704999999999998","41.875","41.47","41.36","44.64","41.54","43.54","43.265000000000001","40.85","45.85","41.064999999999998","44.924999999999997","43.91","41.77","45.344999999999999","42.65","41.09","40.540700000000001","46.25","49.375","44.734999999999999","45.164999999999999","43.11","40.384999999999998","41.74","46.655000000000001","42.4",".","46.29","43.505000000000003","45.97","42.895000000000003","47.28","45.56","43.44","40.655000000000001","44.664999999999999","44.244999999999997","48.31","44.89","44.99","45.125","43.91","42.865000000000002","44.15","46.44","44.954999999999998","45.02","46.33","46.13",".","43.204999999999998","42.475000000000001","40.975000000000001","44.59"
"OilDBOH2019","19.48","21.55","20.16","20.465","18.925000000000001","19.489999999999998","21.41","20.83","21.74","20.895","19.664999999999999","21.27","19.805","20.114999999999998","20.945","19.844999999999999","20.285","19.68","20.61","21.62","19.77","21.274999999999999",".","20.864999999999998","18.585000000000001","20.58","20.62","19.475000000000001","18.45","19.89","19.95","20.914999999999999","19.715","20.385000000000002","20.69","20.43","19.45","19.335000000000001","20.14","19.954999999999998","19.46","18.95",".","20.975000000000001","19.96","21.324999999999999","20.350000000000001","18.675000000000001","20.164999999999999","20.65","20.51",".","20.43","20.72","21.664999999999999","18.309999999999999","19.824999999999999","18.885000000000002","20.71","21.49","22.17","20.184999999999999","21.65","21.344999999999999","19.8","22.135000000000002","20.035","20.72","19.690000000000001","20.355","20.885000000000002","19.95","20.37","21.074999999999999","21.56","18.86","17.940000000000001","19.754999999999999","20.684999999999999","20.074999999999999","21.355","20.574999999999999","18.71","20.024999999999999",".","20.454999999999998","20.34","19.41","20.420000000000002","19.32","18.920000000000002","20.954999999999998","21.92","21.614999999999998","21.21","18.62","19.899999999999999","20.015000000000001","19.440000000000001","20.13","21.385000000000002","21.094999999999999","18.995000000000001","18.95","20.105","20.344999999999999","19.13",".","19.605","21.055","21.094999999999999","19.28"
